<?xml version="1.0" encoding="UTF-8"?>
<project-private xmlns="http://www.netbeans.org/ns/project-private/1">
    <editor-bookmarks xmlns="http://www.netbeans.org/ns/editor-bookmarks/2" lastBookmarkId="0"/>
    <open-files xmlns="http://www.netbeans.org/ns/projectui-open-files/2">
        <group>
            <file>file:/C:/Du%20AN%201/DuAn_1/src/ServiceBanHang/QLBanHang.java</file>
            <file>file:/C:/Du%20AN%201/DuAn_1/src/ModelBanHang/HoaDonChiTiet.java</file>
            <file>file:/C:/Du%20AN%201/DuAn_1/src/ModelBanHang/SanPham.java</file>
            <file>file:/C:/Du%20AN%201/DuAn_1/src/ModelBanHang/HoaDon.java</file>
            <file>file:/C:/Du%20AN%201/DuAn_1/src/Views/FormBanHang.java</file>
            <file>file:/C:/Du%20AN%201/DuAn_1/src/ServiceSanPham/QLSanPhamChiTiet.java</file>
        </group>
    </open-files>
</project-private>
